<?xml version="1.0" encoding="UTF-8"?>
<project-private xmlns="http://www.netbeans.org/ns/project-private/1">
    <editor-bookmarks xmlns="http://www.netbeans.org/ns/editor-bookmarks/2" lastBookmarkId="0"/>
    <open-files xmlns="http://www.netbeans.org/ns/projectui-open-files/2">
        <group>
            <file>file:/C:/Users/tymo/Documents/GitHub/JavaClass/Animals/src/animals/AnimalsApp.java</file>
            <file>file:/C:/Users/tymo/Documents/GitHub/JavaClass/Animals/src/animals/Animal.java</file>
            <file>file:/C:/Users/tymo/Documents/GitHub/JavaClass/Animals/src/animals/Horse.java</file>
            <file>file:/C:/Users/tymo/Documents/GitHub/JavaClass/Animals/src/animals/Fish.java</file>
            <file>file:/C:/Users/tymo/Documents/GitHub/JavaClass/Animals/src/animals/Bird.java</file>
        </group>
    </open-files>
</project-private>
